"Wilayah","Rata_rata","Batas_bawah","Batas_atas"
"Kepulauan Selayar",11.2233333333333,10.61,12.27
"Bulukumba",6.66333333333333,6.06,7.22
"Bantaeng",8.37333333333333,7.68,9.18
"Jeneponto",12.1,11.42,13.06
"Takalar",7.77,7.27,8.29
"Gowa",6.97,6.64,7.42
"Sinjai",7.92666666666667,7.41,8.55
"Maros",9.29,8.9,9.65
"Pangkajene Dan Kepulauan",12.47,11.6,13.4
"Barru",8.25666666666667,8,8.46
"Bone",9.74666666666667,9.13,10.53
"Soppeng",7.01,6.65,7.48
"Wajo",6.35333333333333,5.86,6.73
"Sidenreng Rappang",5.02333333333333,4.91,5.14
"Pinrang",8.61,8.38,8.9
"Enrekang",11.5566666666667,10.73,12.69
"Luwu",11.7933333333333,10.97,12.71
"Tana Toraja",11.27,10.54,12.48
"Luwu Utara",11.5466666666667,10.74,12.66
"Luwu Timur",6.42333333333333,5.79,6.93
"Toraja Utara",10.9666666666667,10.05,12.12
"Kota Makassar",4.82333333333333,4.43,5.07
"Kota Parepare",5.01666666666667,4.44,5.34
"Kota Palopo",7.40666666666667,7.18,7.69
